{
  "project_info": {
    "project_number": "833662057731",
    "firebase_url": "https://lib-nova-default-rtdb.europe-west1.firebasedatabase.app",
    "project_id": "lib-nova",
    "storage_bucket": "lib-nova.appspot.com"
  },
  "client": [
    {
      "client_info": {
        "mobilesdk_app_id": "1:833662057731:android:fb6c5062820ecc74cc7d36",
        "android_client_info": {
          "package_name": "com.example.librarynova"
        }
      },
      "oauth_client": [
        {
          "client_id": "833662057731-ifgon0p6j6hi9visqhpeutni1rhsbt1d.apps.googleusercontent.com",
          "client_type": 3
        }
      ],
      "api_key": [
        {
          "current_key": "AIzaSyBaAyQhNPjT3AAnBZefaHw68fFwlPfsKdw"
        }
      ],
      "services": {
        "appinvite_service": {
          "other_platform_oauth_client": [
            {
              "client_id": "833662057731-ifgon0p6j6hi9visqhpeutni1rhsbt1d.apps.googleusercontent.com",
              "client_type": 3
            }
          ]
        }
      }
    },
    {
      "client_info": {
        "mobilesdk_app_id": "1:833662057731:android:c7ec2573624c2ac2cc7d36",
        "android_client_info": {
          "package_name": "com.example.myapplication"
        }
      },
      "oauth_client": [
        {
          "client_id": "833662057731-ifgon0p6j6hi9visqhpeutni1rhsbt1d.apps.googleusercontent.com",
          "client_type": 3
        }
      ],
      "api_key": [
        {
          "current_key": "AIzaSyBaAyQhNPjT3AAnBZefaHw68fFwlPfsKdw"
        }
      ],
      "services": {
        "appinvite_service": {
          "other_platform_oauth_client": [
            {
              "client_id": "833662057731-ifgon0p6j6hi9visqhpeutni1rhsbt1d.apps.googleusercontent.com",
              "client_type": 3
            }
          ]
        }
      }
    },
    {
      "client_info": {
        "mobilesdk_app_id": "1:833662057731:android:c5a90ff5b4fc7381cc7d36",
        "android_client_info": {
          "package_name": "com.example.novalib"
        }
      },
      "oauth_client": [
        {
          "client_id": "833662057731-3qm71i21fla8ecdql6590dpprkoaq9lq.apps.googleusercontent.com",
          "client_type": 1,
          "android_info": {
            "package_name": "com.example.novalib",
            "certificate_hash": "4f681a2ebda2eb2aaf7f1da0d44f9194c03d32a4"
          }
        },
        {
          "client_id": "833662057731-ifgon0p6j6hi9visqhpeutni1rhsbt1d.apps.googleusercontent.com",
          "client_type": 3
        }
      ],
      "api_key": [
        {
          "current_key": "AIzaSyBaAyQhNPjT3AAnBZefaHw68fFwlPfsKdw"
        }
      ],
      "services": {
        "appinvite_service": {
          "other_platform_oauth_client": [
            {
              "client_id": "833662057731-ifgon0p6j6hi9visqhpeutni1rhsbt1d.apps.googleusercontent.com",
              "client_type": 3
            }
          ]
        }
      }
    }
  ],
  "configuration_version": "1"
}